Coldwater Valve,Steam Valve,Level,Water flowrater,Temprature,
7.4258,5.8523,12.031,10.526,7.2379,0
7.4036,5.8617,12.027,10.526,7.2265,0
7.5067,6.2341,12.023,10.523,7.2118,0
7.5311,6.218,12.02,10.521,7.2063,0
7.4112,5.7723,12.017,10.525,7.2103,0
7.4126,5.8567,12.013,10.528,7.2066,0
7.5371,6.265,12.008,10.526,7.1963,0
7.5085,6.0579,12.005,10.523,7.1971,0
7.449,5.8484,12.002,10.522,7.2036,0
7.6954,6.6275,11.998,10.522,7.2026,0
7.7674,6.5822,11.996,10.521,7.2152,0
7.7667,6.3688,11.996,10.522,7.2456,0
7.5712,5.6648,11.995,10.524,7.2735,0
7.5918,5.8867,11.992,10.523,7.2813,0
7.6884,6.2265,11.99,10.521,7.2763,0
7.6364,5.9818,11.989,10.523,7.2804,0
7.5484,5.7303,11.987,10.525,7.2862,0
7.7745,6.5124,11.985,10.524,7.2812,0
7.4998,5.4704,11.986,10.527,7.2874,0
7.4838,5.6144,11.982,10.533,7.2875,0
7.6848,6.3123,11.979,10.535,7.269,0
7.6749,6.115,11.979,10.533,7.2677,0
7.7291,6.2168,11.978,10.529,7.2789,0
7.7462,6.1604,11.978,10.53,7.2905,0
7.6019,5.6512,11.977,10.53,7.3042,0
7.7981,6.3675,11.975,10.527,7.3057,0
7.7693,6.1079,11.976,10.528,7.3113,0
7.9286,6.5447,11.976,10.527,7.3261,0
7.7801,5.9107,11.979,10.521,7.3467,0
7.906,6.3541,11.979,10.522,7.3624,0
7.8515,6.0672,11.981,10.524,7.3737,0
7.7399,5.7413,11.983,10.524,7.3866,0
7.8864,6.3061,11.983,10.525,7.3854,0
7.9418,6.3775,11.986,10.523,7.3875,0
7.9081,6.1745,11.989,10.522,7.4022,0
7.9645,6.3273,11.992,10.524,7.4148,0
8.0437,6.4898,11.996,10.526,7.4262,0
7.7865,5.6007,12,10.526,7.444,0
7.7766,5.8098,12.002,10.525,7.4449,0
7.7878,5.9631,12.004,10.525,7.4286,0
7.9096,6.3957,12.006,10.522,7.4162,0
7.8412,6.0917,12.01,10.521,7.4158,0
7.7484,5.8406,12.013,10.523,7.4185,0
7.7672,6.0152,12.014,10.524,7.4098,0
7.8425,6.2791,12.016,10.523,7.3985,0
7.8144,6.1296,12.019,10.525,7.3962,0
7.8491,6.2507,12.021,10.522,7.3973,0
7.7463,5.9247,12.024,10.516,7.3988,0
7.7817,6.1391,12.025,10.515,7.395,0
7.8614,6.3852,12.027,10.516,7.388,0
7.918,6.476,12.03,10.516,7.3904,0
7.5823,5.3826,12.033,10.513,7.4013,0
7.6939,6.0567,12.032,10.511,7.3899,0
7.6588,5.9794,12.033,10.512,7.3675,0
7.8013,6.4731,12.034,10.512,7.355,0
7.6235,5.8146,12.036,10.512,7.3531,0
7.6641,6.0843,12.035,10.511,7.3483,0
7.6415,6.0391,12.036,10.51,7.3361,0
7.587,5.9107,12.035,10.512,7.3278,0
7.6303,6.1128,12.035,10.514,7.3162,0
7.5886,5.9893,12.034,10.511,7.3068,0
7.5441,5.9131,12.033,10.506,7.2994,0
7.629,6.2364,12.031,10.507,7.288,0
7.5707,5.9933,12.031,10.508,7.2823,0
7.6524,6.2755,12.029,10.508,7.2792,0
7.6103,6.0765,12.028,10.507,7.2789,0
7.5919,6.0312,12.027,10.507,7.2809,0
7.736,6.4878,12.025,10.506,7.2785,0
7.6872,6.1901,12.025,10.506,7.2854,0
7.6978,6.205,12.024,10.506,7.2966,0
7.568,5.7939,12.024,10.505,7.3028,0
7.6699,6.2304,12.022,10.506,7.2992,0
7.6068,5.9856,12.021,10.507,7.2952,0
7.6729,6.2316,12.02,10.508,7.2943,0
7.6104,5.9871,12.019,10.509,7.2942,0
7.6842,6.2557,12.018,10.509,7.2939,0
7.6997,6.2306,12.018,10.511,7.2949,0
7.677,6.1081,12.017,10.514,7.3014,0
7.6227,5.9445,12.017,10.514,7.3058,0
7.7161,6.2875,12.015,10.513,7.304,0
7.7075,6.1853,12.016,10.513,7.3057,0
7.7647,6.3302,12.015,10.513,7.3123,0
7.7653,6.2526,12.016,10.514,7.3207,0
7.8767,6.5481,12.016,10.514,7.331,0
7.7289,5.9594,12.018,10.515,7.3466,0
7.5593,5.5446,12.018,10.516,7.3554,0
7.7564,6.3671,12.017,10.517,7.341,0
7.7317,6.1886,12.018,10.516,7.3329,0
7.743,6.2082,12.019,10.516,7.3374,0
7.5474,5.595,12.019,10.518,7.3401,0
7.5711,5.8708,12.018,10.519,7.3293,0
7.3182,5.1766,12.017,10.521,7.3103,0
7.451,5.888,12.012,10.523,7.2795,0
7.3895,5.7017,12.01,10.523,7.2491,0
7.4253,5.8986,12.006,10.518,7.2298,0
7.4742,6.0345,12.003,10.518,7.2136,0
7.45,5.8874,12,10.52,7.2068,0
7.4203,5.7845,11.996,10.52,7.203,0
7.4646,5.9419,11.991,10.517,7.1965,0
7.4383,5.8226,11.987,10.514,7.1927,0
7.2089,5.1471,11.983,10.509,7.1907,0
7.4226,6.0444,11.976,10.505,7.1716,0
7.6051,6.4578,11.971,10.505,7.1572,0
7.2541,5.1396,11.968,10.504,7.1724,0
7.5377,6.2408,11.961,10.505,7.1713,0
7.4859,5.8643,11.958,10.505,7.1678,0
7.5785,6.1002,11.953,10.504,7.1795,0
7.5646,5.9173,11.95,10.504,7.1917,0
7.6073,5.9842,11.946,10.504,7.206,0
7.7191,6.2441,11.943,10.499,7.2191,0
7.7047,6.0305,11.941,10.497,7.2396,0
7.6651,5.8198,11.939,10.503,7.2615,0
7.6305,5.7204,11.937,10.501,7.2746,0
7.8104,6.2966,11.935,10.499,7.2798,0
7.7321,5.8617,11.935,10.502,7.2941,0
7.9232,6.4296,11.934,10.502,7.3111,0
7.7899,5.8011,11.936,10.503,7.3324,0
7.7782,5.8079,11.936,10.503,7.3517,0
7.8364,5.9992,11.936,10.505,7.3573,0
7.7958,5.8192,11.937,10.507,7.3648,0
7.8277,5.9397,11.938,10.505,7.3715,0
7.9002,6.1356,11.939,10.503,7.3763,0
7.7861,5.6964,11.941,10.504,7.387,0
7.9645,6.312,11.942,10.504,7.392,0
7.809,5.6778,11.946,10.505,7.4009,0
7.8889,6.0175,11.947,10.505,7.4083,0
7.8485,5.8593,11.949,10.502,7.4097,0
8.0068,6.3659,11.952,10.501,7.413,0
8.0288,6.2718,11.956,10.499,7.424,0
7.9146,5.8373,11.96,10.498,7.444,0
7.9067,5.8934,11.963,10.498,7.4528,0
7.9435,6.0564,11.966,10.496,7.4518,0
7.7625,5.5028,11.97,10.495,7.4531,0
7.8304,5.9128,11.971,10.494,7.4439,0
7.9241,6.2241,11.974,10.492,7.43,0
7.7998,5.7701,11.978,10.491,7.4301,0
8.0217,6.5382,11.98,10.491,7.4276,0
7.9227,6.0343,11.984,10.494,7.4331,0
7.8373,5.8087,11.988,10.492,7.4446,0
8.103,6.7201,11.99,10.489,7.4412,0
7.8422,5.6979,11.996,10.488,7.4516,0
8.0362,6.4802,11.998,10.484,7.4584,0
7.9182,6.0059,12.003,10.481,7.4605,0
8.0026,6.3413,12.007,10.482,7.4663,0
7.9523,6.1422,12.012,10.481,7.469,0
7.8226,5.7942,12.016,10.482,7.4731,0
7.9896,6.4614,12.019,10.484,7.4639,0
7.8623,5.9912,12.024,10.481,7.4603,0
7.8393,6.0269,12.027,10.483,7.4592,0
7.6925,5.6672,12.03,10.484,7.4488,0
7.8423,6.3326,12.031,10.483,7.429,0
7.8804,6.3839,12.035,10.484,7.415,0
7.802,6.093,12.038,10.484,7.4163,0
7.9433,6.5793,12.041,10.485,7.4143,0
7.8306,6.1251,12.045,10.483,7.4176,0
7.8206,6.1719,12.047,10.483,7.4213,0
7.8463,6.2956,12.05,10.484,7.4163,0
7.62,5.6273,12.052,10.482,7.4136,0
7.7208,6.2031,12.052,10.479,7.3974,0
7.6936,6.1391,12.054,10.479,7.3776,0
7.5928,5.8795,12.055,10.483,7.3669,0
7.733,6.4407,12.055,10.484,7.3499,0
7.716,6.2981,12.056,10.486,7.3402,0
7.5901,5.9019,12.057,10.488,7.3405,0
7.8346,6.7722,12.056,10.487,7.3309,0
7.5961,5.845,12.058,10.488,7.3324,0
7.4532,5.6008,12.057,10.486,7.3326,0
7.685,6.5394,12.055,10.485,7.3077,0
7.7113,6.4729,12.055,10.487,7.2955,0
7.6276,6.1409,12.055,10.486,7.3028,0
7.6361,6.2136,12.055,10.487,7.3042,0
7.7062,6.4266,12.054,10.491,7.3005,0
7.7603,6.5217,12.054,10.49,7.3031,0
7.7023,6.2492,12.055,10.494,7.3133,0
7.8361,6.668,12.054,10.496,7.3206,0
7.5455,5.6719,12.056,10.491,7.3318,0
7.4826,5.7442,12.054,10.493,7.3287,0
7.4726,5.89,12.052,10.499,7.3035,0
7.5932,6.359,12.05,10.5,7.2795,0
7.5566,6.1721,12.049,10.501,7.2687,0
7.54,6.1235,12.047,10.503,7.2656,0
7.4801,5.9499,12.045,10.507,7.2597,0
7.3285,5.5622,12.042,10.509,7.2499,0
7.3797,5.9076,12.037,10.513,7.2281,0
7.4555,6.1711,12.033,10.512,7.2052,0
7.4745,6.1758,12.03,10.507,7.1961,0
7.4643,6.093,12.027,10.506,7.1953,0
7.4217,5.9357,12.023,10.508,7.1952,0
7.5399,6.3105,12.018,10.51,7.1915,0
7.4493,5.9103,12.015,10.511,7.1942,0
7.4774,6.0332,12.011,10.511,7.1974,0
7.5631,6.2744,12.007,10.508,7.1961,0
7.4468,5.8197,12.004,10.506,7.2028,0
7.5322,6.1414,12,10.508,7.2054,0
7.4081,5.6892,11.996,10.51,7.2059,0
7.4925,6.04,11.991,10.512,7.2031,0
7.4194,5.7639,11.988,10.512,7.1989,0
7.5597,6.2316,11.983,10.514,7.196,0
7.4774,5.8383,11.98,10.515,7.1988,0
7.3694,5.5353,11.976,10.515,7.2042,0
7.4578,5.9105,11.971,10.517,7.1956,0
7.4759,5.9109,11.966,10.517,7.1883,0
7.4965,5.924,11.962,10.517,7.1895,0
7.6244,6.2521,11.958,10.516,7.1931,0
7.5472,5.8424,11.956,10.515,7.206,0
7.6881,6.2571,11.952,10.515,7.2187,0
7.6996,6.1132,11.95,10.516,7.2333,0
7.4235,5.1806,11.949,10.516,7.2543,0
7.5158,5.7164,11.944,10.513,7.252,0
7.6113,6.01,11.94,10.511,7.2391,0
7.6086,5.8962,11.938,10.512,7.2417,0
7.5978,5.8113,11.936,10.512,7.2496,0
7.7588,6.2646,11.933,10.514,7.2547,0
7.9081,6.5098,11.933,10.514,7.2691,0
7.6928,5.5944,11.934,10.515,7.3008,0
7.7813,5.9584,11.932,10.517,7.3197,0
7.8545,6.1281,11.932,10.512,7.3267,0
7.9613,6.3536,11.933,10.507,7.3428,0
7.8253,5.769,11.936,10.507,7.3672,0
7.9544,6.2218,11.936,10.508,7.3834,0
7.9184,5.9982,11.939,10.506,7.3961,0
7.9892,6.1954,11.941,10.507,7.4116,0
8.0075,6.1501,11.945,10.512,7.4261,0
7.9241,5.8445,11.948,10.51,7.443,0
8.0093,6.1766,11.951,10.507,7.4514,0
7.8354,5.5894,11.956,10.508,7.4585,0
7.9573,6.1209,11.958,10.509,7.4573,0
8.0634,6.3876,11.962,10.508,7.4537,0
8.0263,6.1469,11.967,10.507,7.4661,0
7.7581,5.3239,11.972,10.507,7.4798,0
7.8217,5.8081,11.974,10.506,7.4694,0
7.8268,5.8908,11.977,10.506,7.4487,0
7.7722,5.7739,11.98,10.504,7.4372,0
7.6905,5.6186,11.982,10.502,7.4249,0
7.8591,6.2675,11.983,10.499,7.4063,0
7.7625,5.8642,11.986,10.497,7.3985,0
7.7723,5.9445,11.987,10.499,7.3965,0
7.9256,6.4144,11.989,10.499,7.3896,0
7.853,6.0513,11.992,10.494,7.3955,0
7.5735,5.2379,11.994,10.488,7.4047,0
7.6291,5.7219,11.993,10.487,7.3878,0
7.6874,5.9891,11.993,10.485,7.3609,0
7.6496,5.8739,11.994,10.481,7.3478,0
7.8178,6.4187,11.994,10.481,7.3388,0
7.6778,5.8264,11.996,10.482,7.3412,0
7.6845,5.9308,11.995,10.48,7.344,0
7.6041,5.7065,11.995,10.482,7.3377,0
7.5941,5.7746,11.994,10.484,7.3277,0
7.6253,5.9447,11.993,10.478,7.3142,0
7.6587,6.0563,11.992,10.473,7.3053,0
7.6213,5.9051,11.991,10.474,7.3028,0
7.5474,5.7058,11.99,10.474,7.3005,0
7.6074,5.9691,11.988,10.476,7.2911,0
7.6458,6.0545,11.987,10.477,7.2834,0
7.5385,5.6834,11.985,10.475,7.284,0
7.4487,5.5097,11.983,10.474,7.2794,0
7.5994,6.1056,11.979,10.472,7.2628,0
7.7636,6.4938,11.978,10.472,7.2548,0
7.5677,5.6714,11.978,10.473,7.2696,0
7.4094,5.3003,11.975,10.473,7.2779,0
7.6447,6.2247,11.97,10.472,7.2608,0
7.673,6.1471,11.969,10.471,7.2539,0
7.4269,5.3008,11.968,10.473,7.2655,0
7.5115,5.7743,11.963,10.472,7.2592,0
7.6548,6.2119,11.96,10.469,7.2445,0
7.6235,5.9589,11.959,10.469,7.2486,0
7.5362,5.638,11.957,10.475,7.2587,0
7.4928,5.5719,11.954,10.475,7.2584,0
7.7088,6.3095,11.95,10.47,7.2495,0
7.6711,5.9858,11.949,10.47,7.255,0
7.6708,5.915,11.947,10.474,7.2703,0
7.6348,5.7771,11.946,10.471,7.2797,0
7.7944,6.2827,11.944,10.468,7.2844,0
7.9878,6.6791,11.944,10.471,7.2967,0
7.8212,5.8736,11.946,10.473,7.3298,0
7.7381,5.6701,11.946,10.471,7.356,0
7.7846,5.9198,11.946,10.468,7.3598,0
7.9305,6.3496,11.946,10.47,7.3606,0
7.8707,6.0025,11.949,10.474,7.3743,0
7.9168,6.137,11.95,10.473,7.39,0
7.9794,6.2699,11.953,10.472,7.4014,0
7.9312,6.0265,11.956,10.474,7.4175,0
8.0663,6.426,11.959,10.48,7.4305,0
7.9711,5.9912,11.963,10.482,7.4468,0
8.0153,6.1812,11.967,10.478,7.4613,0
8.0062,6.1322,11.971,10.476,7.4695,0
7.9525,5.9708,11.976,10.478,7.478,0
8.0753,6.4051,11.98,10.48,7.4802,0
7.9809,6.0258,11.985,10.479,7.487,0
8.1054,6.466,11.99,10.481,7.4934,0
8.0011,6.0512,11.996,10.481,7.5011,0
8.0657,6.3229,12.001,10.482,7.5076,0
7.9276,5.8786,12.007,10.483,7.5105,0
8.0127,6.291,12.011,10.482,7.5072,0
7.9833,6.1874,12.017,10.482,7.5018,0
7.8001,5.6831,12.022,10.481,7.501,0
7.9692,6.4218,12.025,10.482,7.4859,0
7.8083,5.8673,12.03,10.482,7.4743,0
7.9642,6.4975,12.033,10.483,7.465,0
7.8363,6.0192,12.038,10.483,7.4584,0
7.6446,5.5592,12.041,10.483,7.4544,0
7.6712,5.9141,12.042,10.482,7.4298,0
7.7323,6.2068,12.044,10.481,7.4006,0
7.7162,6.1516,12.046,10.482,7.3841,0
7.6677,6.0401,12.047,10.479,7.3742,0
7.6572,6.079,12.048,10.478,7.3622,0
7.5466,5.7942,12.048,10.479,7.3491,0
7.3999,5.5038,12.047,10.479,7.3308,0
7.4529,5.8966,12.044,10.481,7.2994,0
7.6302,6.498,12.042,10.476,7.2697,0
7.4355,5.7585,12.042,10.474,7.2625,0
7.5154,6.1363,12.038,10.475,7.2547,0
7.836,7.061,12.036,10.477,7.2419,0
7.6794,6.2199,12.037,10.477,7.2594,0
7.6747,6.2066,12.036,10.477,7.2824,0
7.5371,5.7897,12.035,10.476,7.2898,0
7.6396,6.2602,12.032,10.473,7.2856,0
7.8197,6.7634,12.031,10.471,7.2807,0
7.6471,6.0195,12.032,10.476,7.296,0
7.7949,6.5523,12.031,10.478,7.3072,0
7.8461,6.5805,12.031,10.477,7.3151,0
7.89,6.5787,12.033,10.485,7.3342,0
7.8374,6.303,12.035,10.491,7.3551,0
7.9044,6.5169,12.036,10.491,7.3704,0
7.6646,5.7334,12.038,10.49,7.3834,0
7.7813,6.3271,12.038,10.491,7.381,0
7.9583,6.8271,12.04,10.497,7.372,0
7.6686,5.761,12.044,10.499,7.3848,0
7.7969,6.3833,12.044,10.501,7.3858,0
7.9388,6.7608,12.046,10.506,7.377,0
7.6827,5.821,12.049,10.51,7.3883,0
7.6763,6.0123,12.05,10.511,7.3882,0
7.659,6.0613,12.05,10.513,7.3714,0
7.6009,5.9718,12.051,10.512,7.3569,0
7.6645,6.2769,12.051,10.51,7.3406,0
7.5485,5.8977,12.051,10.516,7.3288,0
7.4347,5.6841,12.05,10.516,7.3157,0
7.4065,5.7906,12.047,10.514,7.2904,0
7.5912,6.4506,12.045,10.519,7.2617,0
7.5188,6.0868,12.044,10.519,7.2507,0
7.6679,6.5587,12.041,10.515,7.249,0
7.6231,6.2561,12.041,10.514,7.2534,0
7.5537,6.0196,12.039,10.514,7.2632,0
7.6401,6.3323,12.037,10.514,7.263,0
7.5948,6.1231,12.036,10.514,7.2645,0
7.5704,6.0771,12.034,10.51,7.2679,0
7.4604,5.7866,12.032,10.508,7.266,0
7.6002,6.3364,12.029,10.51,7.2554,0
7.5877,6.1965,12.027,10.513,7.2499,0
7.6288,6.2845,12.025,10.516,7.2537,0
7.6698,6.3327,12.024,10.519,7.2587,0
7.6256,6.1207,12.023,10.519,7.268,0
7.6558,6.216,12.021,10.52,7.2747,0
7.6127,6.0471,12.02,10.521,7.2791,0
7.6295,6.1287,12.018,10.521,7.2814,0
7.5542,5.9002,12.017,10.52,7.2816,0
7.4571,5.6878,12.015,10.52,7.2776,0
7.648,6.3957,12.012,10.523,7.263,0
7.6908,6.3724,12.011,10.524,7.2589,0
7.631,6.0717,12.01,10.526,7.2708,0
7.7184,6.3361,12.009,10.527,7.2785,0
7.826,6.5545,12.008,10.527,7.2868,0
7.7444,6.1391,12.009,10.528,7.3061,0
7.7346,6.1182,12.009,10.527,7.3222,0
7.6179,5.7788,12.009,10.526,7.3286,0
7.6692,6.0771,12.008,10.523,7.3249,0
7.4051,5.2885,12.007,10.524,7.3181,0
7.6315,6.2584,12.004,10.528,7.2979,0
7.6319,6.1425,12.004,10.528,7.2812,0
7.7404,6.419,12.003,10.529,7.2828,0
7.7694,6.3445,12.003,10.533,7.2916,0
7.6896,5.9926,12.003,10.534,7.3073,0
7.6888,6.0245,12.002,10.533,7.3157,0
7.7134,6.1148,12.002,10.53,7.317,0
7.5452,5.5926,12.002,10.528,7.3196,0
7.5579,5.8206,12,10.524,7.3116,0
7.6153,6.0649,11.998,10.522,7.2955,0
7.5863,5.9397,11.997,10.524,7.288,0
7.6608,6.1747,11.996,10.526,7.2839,0
7.8099,6.5335,11.995,10.529,7.284,0
7.5089,5.4238,11.996,10.528,7.2992,0
7.6033,5.9459,11.993,10.526,7.2995,0
7.5189,5.685,11.992,10.526,7.2871,0
7.6828,6.281,11.989,10.523,7.2777,0
7.7426,6.3282,11.989,10.52,7.2765,0
7.7994,6.3653,11.989,10.519,7.2902,0
7.6392,5.7514,11.989,10.519,7.3084,0
7.6236,5.8135,11.988,10.519,7.3149,0
7.7177,6.1468,11.986,10.523,7.3087,0
7.764,6.2175,11.986,10.52,7.3094,0
7.599,5.6493,11.987,10.516,7.3192,0
7.6241,5.8692,11.985,10.515,7.3181,0
7.7302,6.2186,11.984,10.515,7.3086,0
7.7997,6.3161,11.984,10.518,7.3102,0
7.7309,5.9765,11.985,10.521,7.3231,0
7.6772,5.8323,11.985,10.519,7.3326,0
7.5759,5.5989,11.984,10.515,7.3318,0
7.5368,5.6223,11.983,10.515,7.3207,0
7.6797,6.1549,11.981,10.517,7.3031,0
7.5786,5.7503,11.981,10.515,7.2969,0
7.7349,6.2927,11.979,10.512,7.2943,0
7.5677,5.6352,11.979,10.512,7.2967,0
7.7819,6.3844,11.977,10.515,7.2968,0
7.706,5.9604,11.978,10.515,7.3012,0
7.6727,5.8625,11.977,10.512,7.3129,0
7.7451,6.1157,11.976,10.509,7.3148,0
7.8684,6.4258,11.976,10.505,7.3191,0
7.9079,6.3734,11.978,10.504,7.3356,0
7.8863,6.1822,11.98,10.504,7.3589,0
7.7954,5.8689,11.981,10.505,7.3778,0
7.8113,5.9996,11.982,10.504,7.3846,0
7.7201,5.7469,11.984,10.504,7.3852,0
7.8415,6.2229,11.984,10.506,7.3803,0
7.9229,6.3948,11.986,10.504,7.3792,0
7.8798,6.1452,11.989,10.503,7.3917,0
7.9266,6.2688,11.991,10.506,7.4035,0
7.7832,5.7718,11.995,10.509,7.4131,0
7.9189,6.3134,11.996,10.51,7.4135,0
8.0071,6.497,11.999,10.508,7.4141,0
7.9458,6.1899,12.004,10.506,7.4293,0
8.0539,6.5319,12.007,10.504,7.4424,0
7.8633,5.848,12.012,10.503,7.456,0
7.8803,6.0581,12.015,10.506,7.4601,0
7.8612,6.0603,12.018,10.506,7.4523,0
8.005,6.555,12.021,10.506,7.4461,0
7.8732,6.0429,12.026,10.505,7.4501,0
7.9158,6.2737,12.03,10.504,7.4532,0
7.8342,6.0205,12.034,10.507,7.4501,0
7.776,5.9452,12.037,10.508,7.4448,0
7.8345,6.2366,12.039,10.509,7.4314,0
7.8177,6.1888,12.042,10.508,7.4216,0
7.6989,5.8709,12.045,10.505,7.4165,0
7.7209,6.0913,12.046,10.504,7.4033,0
7.8262,6.4532,12.048,10.506,7.3872,0
7.6871,5.9496,12.051,10.507,7.3835,0
7.6888,6.0803,12.051,10.506,7.3776,0
7.5233,5.641,12.052,10.505,7.3644,0
7.6148,6.1408,12.051,10.503,7.3429,0
7.5375,5.9134,12.051,10.502,7.3222,0
7.6001,6.1953,12.05,10.503,7.3067,0
7.6056,6.192,12.049,10.502,7.2943,0
7.6068,6.1856,12.048,10.5,7.289,0
7.5004,5.85,12.047,10.502,7.2855,0
7.5992,6.2582,12.045,10.503,7.2754,0
7.6106,6.2374,12.044,10.501,7.2678,0
7.4569,5.7466,12.042,10.499,7.269,0
7.414,5.7729,12.039,10.498,7.2599,0
7.3637,5.7359,12.035,10.498,7.2402,0
7.5928,6.5344,12.031,10.499,7.2189,0
7.3916,5.721,12.03,10.501,7.2152,0
7.5824,6.4188,12.025,10.502,7.2129,0
7.445,5.8428,12.023,10.502,7.2117,0
7.5303,6.1734,12.019,10.502,7.2133,0
7.4579,5.8771,12.016,10.505,7.2117,0
7.3877,5.715,12.012,10.504,7.2109,0
7.5627,6.3404,12.007,10.501,7.2008,0
7.3982,5.6948,12.004,10.5,7.2007,0
7.4827,6.0479,11.999,10.503,7.2004,0
7.457,5.9098,11.995,10.504,7.1955,0
7.6264,6.4154,11.991,10.505,7.1953,0
7.4953,5.8182,11.989,10.507,7.2053,0
7.4355,5.6867,11.985,10.507,7.2147,0
7.5139,5.9952,11.98,10.508,7.2094,0
7.5621,6.0878,11.977,10.506,7.207,0
7.6492,6.2599,11.974,10.507,7.2135,0
7.6316,6.0594,11.972,10.508,7.2276,0
7.6025,5.9185,11.969,10.507,7.2427,0
7.7083,6.2286,11.967,10.508,7.2512,0
7.7906,6.3401,11.966,10.51,7.2632,0
7.8523,6.3661,11.965,10.511,7.2849,0
7.8787,6.3056,11.966,10.508,7.3111,0
7.7299,5.7553,11.967,10.508,7.337,0
7.7433,5.9028,11.966,10.509,7.3482,0
7.7355,5.9062,11.966,10.512,7.3483,0
7.6726,5.7415,11.967,10.513,7.3487,0
7.712,5.9465,11.966,10.512,7.3442,0
7.4665,5.2029,11.966,10.513,7.3394,0
7.4828,5.5165,11.964,10.516,7.3212,0
7.504,5.6764,11.961,10.518,7.2927,0
7.6037,5.9986,11.959,10.52,7.2734,0
7.7178,6.245,11.958,10.518,7.2667,0
7.5988,5.7164,11.957,10.515,7.2759,0
7.5643,5.6551,11.955,10.513,7.2819,0
7.5619,5.6985,11.953,10.511,7.2766,0
7.8321,6.5328,11.951,10.509,7.2702,0
7.8118,6.1886,11.951,10.504,7.2838,0
7.6544,5.6156,11.952,10.498,7.3101,0
7.8072,6.1869,11.95,10.495,7.3181,0
7.6767,5.667,11.951,10.495,7.3248,0
7.9116,6.4526,11.949,10.498,7.3306,0
7.7922,5.8675,11.952,10.497,7.3431,0
8.0178,6.5848,11.952,10.494,7.3594,0
7.8101,5.7221,11.955,10.492,7.3799,0
7.8289,5.8899,11.956,10.495,7.3957,0
7.7316,5.6136,11.957,10.499,7.3958,0
7.8519,6.1098,11.958,10.496,7.3904,0
7.7339,5.6866,11.96,10.495,7.3884,0
7.7085,5.7168,11.961,10.494,7.3863,0
7.5813,5.4078,11.961,10.495,7.3755,0
7.7128,5.9784,11.96,10.496,7.3567,0
7.88,6.4132,11.961,10.498,7.3432,0
7.7595,5.8395,11.963,10.498,7.3529,0
7.581,5.3479,11.964,10.494,7.3626,0
7.6417,5.7446,11.962,10.491,7.35,0
7.5469,5.4911,11.962,10.49,7.3332,0
7.6703,5.9891,11.96,10.488,7.3175,0
7.6613,5.8902,11.96,10.485,7.308,0
7.5566,5.5619,11.959,10.48,7.308,0
7.6703,6.0067,11.957,10.478,7.3001,0
7.8496,6.4467,11.956,10.482,7.2952,0
7.6787,5.6905,11.957,10.483,7.3112,0
7.7094,5.8718,11.956,10.477,7.323,0
7.7253,5.9195,11.956,10.474,7.3233,0
7.8304,6.2202,11.955,10.471,7.3267,0
7.6869,5.6644,11.956,10.471,7.3375,0
7.9305,6.4918,11.956,10.472,7.3426,0
7.8506,6.0281,11.958,10.469,7.3543,0
7.8006,5.8675,11.959,10.469,7.3732,0
7.9386,6.3123,11.96,10.473,7.3792,0
7.9389,6.1789,11.963,10.473,7.3902,0
7.9419,6.1381,11.965,10.471,7.4075,0
7.9423,6.1089,11.968,10.471,7.4209,0
7.8983,5.9603,11.971,10.473,7.4315,0
7.7818,5.6608,11.974,10.472,7.4366,0
7.9946,6.4534,11.975,10.473,7.4297,0
7.9402,6.124,11.98,10.476,7.4317,0
7.956,6.1756,11.983,10.474,7.443,0
7.7384,5.5017,11.987,10.475,7.4493,0
7.7739,5.8423,11.988,10.478,7.4401,0
7.6896,5.6646,11.99,10.478,7.4216,0
7.6296,5.6273,11.991,10.478,7.4038,0
7.844,6.4123,11.991,10.477,7.3806,0
7.8209,6.1841,11.994,10.474,7.3738,0
7.872,6.2901,11.996,10.475,7.3807,0
7.997,6.5749,11.999,10.478,7.388,0
7.9464,6.2464,12.003,10.477,7.4056,0
7.8929,6.072,12.006,10.474,7.4235,0
7.9212,6.2176,12.008,10.47,7.4304,0
7.7857,5.8146,12.012,10.468,7.4342,0
7.8439,6.1595,12.013,10.465,7.4295,0
7.6978,5.7334,12.016,10.467,7.4214,0
7.7354,6.0193,12.017,10.47,7.4086,0
7.7693,6.1661,12.019,10.472,7.3922,0
7.6582,5.8174,12.02,10.476,7.3843,0
7.6374,5.875,12.021,10.478,7.3727,0
7.6556,6.0158,12.021,10.478,7.3552,0
7.6324,5.9713,12.021,10.478,7.3417,0
7.5835,5.8703,12.021,10.477,7.3309,0
7.6442,6.1316,12.02,10.476,7.3177,0
7.6214,6.0358,12.019,10.475,7.3087,0
7.7265,6.3706,12.019,10.474,7.304,0
7.7209,6.2378,12.019,10.475,7.3063,0
7.8194,6.4904,12.019,10.474,7.3144,0
7.5877,5.6672,12.02,10.472,7.327,0
7.5723,5.8185,12.018,10.473,7.3269,0
7.8422,6.7335,12.017,10.473,7.311,0
7.6276,5.8476,12.018,10.473,7.3166,0
7.6227,5.9641,12.017,10.473,7.3231,0
7.4341,5.4539,12.016,10.475,7.3142,0
7.5148,5.9331,12.013,10.477,7.2939,0
7.4352,5.7101,12.011,10.48,7.2719,0
7.6115,6.3367,12.008,10.484,7.2546,0
7.813,6.7924,12.006,10.483,7.2485,0
7.6885,6.1344,12.007,10.48,7.269,0
7.6967,6.1411,12.006,10.484,7.2889,0
7.7555,6.2858,12.005,10.487,7.2969,0
7.6954,6.0354,12.005,10.485,7.3076,0
7.6952,6.0755,12.004,10.482,7.3154,0
7.6274,5.8927,12.004,10.48,7.3176,0
7.6341,5.9983,12.003,10.48,7.3145,0
7.7846,6.4784,12.002,10.481,7.3083,0
7.7783,6.2886,12.002,10.489,7.3145,0
7.734,6.0838,12.003,10.492,7.3283,0
7.6562,5.8673,12.003,10.492,7.3355,0
7.7319,6.1824,12.002,10.494,7.3327,0
7.6347,5.848,12.003,10.495,7.331,0
7.4835,5.4895,12.002,10.495,7.3277,0
7.5832,6.0021,11.999,10.494,7.3084,0
7.6302,6.1347,11.998,10.494,7.291,0
7.577,5.9146,11.997,10.496,7.2871,0
7.4371,5.5168,11.996,10.5,7.2835,0
7.5471,6.0115,11.992,10.5,7.2676,0
7.6721,6.3412,11.99,10.499,7.2541,0
7.4983,5.6587,11.989,10.498,7.2594,0
7.5414,5.902,11.986,10.498,7.2594,0
7.4781,5.7178,11.983,10.494,7.2513,0
7.6718,6.3713,11.98,10.492,7.2435,0
7.6631,6.1483,11.979,10.494,7.2468,0
7.5709,5.7899,11.977,10.494,7.2611,0
7.5857,5.8979,11.975,10.491,7.2652,0
7.5473,5.7883,11.972,10.49,7.2634,0
7.6702,6.1881,11.97,10.493,7.2604,0
7.7394,6.2739,11.968,10.493,7.2641,0
7.8015,6.3299,11.968,10.491,7.2796,0
7.7662,6.086,11.968,10.49,7.3003,0
7.7305,5.9405,11.968,10.492,7.3176,0
7.6894,5.8255,11.967,10.496,7.3262,0
7.7699,6.1227,11.966,10.495,7.3277,0
7.7393,5.9699,11.967,10.493,7.3319,0
7.7432,5.9897,11.967,10.492,7.338,0
7.715,5.8983,11.967,10.493,7.3411,0
7.8056,6.1896,11.967,10.496,7.3417,0
7.6654,5.6718,11.968,10.499,7.3467,0
7.8998,6.4875,11.967,10.5,7.3466,0
7.9056,6.2956,11.97,10.499,7.3539,0
7.8786,6.1191,11.972,10.497,7.3747,0
7.7386,5.6766,11.974,10.497,7.3893,0
7.7989,6.0008,11.974,10.497,7.389,0
7.5806,5.3489,11.976,10.497,7.3841,0
7.7084,5.9871,11.974,10.495,7.369,0
7.7319,6.0312,11.975,10.496,7.3524,0
7.9851,6.7655,11.976,10.494,7.3494,0
7.7828,5.8584,11.98,10.495,7.3661,0
7.9008,6.2874,11.98,10.499,7.3811,0
7.8934,6.163,11.983,10.499,7.3879,0
7.9456,6.2946,11.985,10.496,7.4001,0
7.9872,6.3526,11.988,10.494,7.4127,0
7.9606,6.2067,11.992,10.49,7.4285,0
7.9282,6.1161,11.995,10.487,7.4415,0
7.8208,5.8293,11.999,10.488,7.4476,0
7.8532,6.058,12.001,10.492,7.4427,0
7.8257,6.0093,12.004,10.494,7.4344,0
7.8574,6.168,12.007,10.493,7.4281,0
7.9028,6.2985,12.01,10.494,7.4237,0
7.9041,6.2554,12.013,10.495,7.4256,0
7.8059,5.9382,12.016,10.497,7.43,0
7.7385,5.8388,12.019,10.498,7.4266,0
7.6919,5.8297,12.02,10.497,7.4131,0
7.6258,5.7591,12.021,10.495,7.3952,0
7.704,6.1378,12.022,10.493,7.3738,0
7.6814,6.0554,12.023,10.493,7.3587,0
7.7206,6.1978,12.023,10.492,7.3504,0
7.4697,5.4088,12.024,10.494,7.3454,0
7.7149,6.408,12.022,10.495,7.3266,0
7.7927,6.4928,12.023,10.494,7.3132,0
7.7066,6.0952,12.024,10.491,7.3239,0
7.5829,5.7546,12.024,10.489,7.331,0
7.757,6.4285,12.022,10.486,7.3225,0
7.6575,6.0053,12.023,10.486,7.3202,0
7.6578,6.0629,12.023,10.487,7.3226,0
7.7272,6.2929,12.022,10.488,7.3181,0
7.6171,5.9085,12.023,10.485,7.3195,0
7.6948,6.2392,12.021,10.485,7.3173,0
7.5514,5.7485,12.021,10.491,7.314,0
7.6631,6.2226,12.02,10.492,7.3065,0
7.665,6.176,12.019,10.49,7.2993,0
7.6722,6.1696,12.019,10.491,7.3011,0
7.6579,6.0988,12.018,10.493,7.303,0
7.7444,6.3651,12.017,10.493,7.304,0
7.6167,5.8815,12.018,10.495,7.3099,0
7.7072,6.2512,12.016,10.495,7.311,0
7.7417,6.2958,12.016,10.495,7.31,0
7.6309,5.9038,12.016,10.495,7.3174,0
7.8492,6.6538,12.015,10.494,7.3176,0
7.6666,5.8973,12.017,10.497,7.3259,0
7.7338,6.211,12.016,10.498,7.3334,0
7.6159,5.8278,12.017,10.499,7.3323,0
7.6427,6.0271,12.016,10.501,7.3275,0
7.7019,6.2319,12.015,10.501,7.3181,0
7.6994,6.1763,12.015,10.501,7.3168,0
7.6851,6.1076,12.015,10.504,7.3193,0
7.7172,6.2102,12.015,10.503,7.3202,0
7.3803,5.1585,12.015,10.506,7.3221,0
7.6085,6.1994,12.011,10.507,7.3023,0
7.3916,5.4618,12.011,10.506,7.2814,0
7.4548,5.8645,12.007,10.505,7.2648,0
7.4613,5.9084,12.004,10.504,7.2427,0
7.3055,5.4411,12.001,10.505,7.2302,0
7.4937,6.1716,11.995,10.507,7.2101,0
7.5313,6.1437,11.993,10.507,7.1978,0
7.436,5.7465,11.989,10.508,7.203,0
7.6525,6.4531,11.985,10.503,7.2028,0
7.6093,6.0978,11.983,10.5,7.2115,0
7.6546,6.1702,11.981,10.5,7.229,0
7.6569,6.0914,11.978,10.497,7.2429,0
7.722,6.2319,11.976,10.497,7.2566,0
7.7091,6.0972,11.975,10.494,7.2718,0
7.7539,6.194,11.974,10.494,7.2867,0
7.6499,5.798,11.974,10.498,7.3005,0
7.6944,6.0123,11.972,10.497,7.3067,0
7.5853,5.6619,11.971,10.5,7.3079,0
7.471,5.4238,11.969,10.503,7.3041,0
7.6319,6.0822,11.966,10.504,7.2863,0
7.4542,5.4481,11.965,10.505,7.2766,0
7.5315,5.8309,11.962,10.507,7.267,0
7.5761,5.9369,11.959,10.508,7.2536,0
7.6486,6.0888,11.957,10.509,7.2514,0
7.6041,5.84,11.956,10.507,7.2576,0
7.5674,5.7198,11.953,10.506,7.2638,0
7.6829,6.0956,11.951,10.504,7.2632,0
7.6618,5.9221,11.95,10.499,7.2685,0
7.6141,5.7436,11.948,10.498,7.2784,0
7.531,5.5245,11.946,10.496,7.2814,0
7.6298,5.9287,11.943,10.493,7.2748,0
7.7048,6.083,11.941,10.494,7.2714,0
7.836,6.3554,11.94,10.495,7.2803,0
7.875,6.2632,11.941,10.495,7.3009,0
7.8316,5.9902,11.942,10.493,7.3279,0
7.9655,6.3611,11.942,10.493,7.3481,0
7.9658,6.1892,11.945,10.494,7.3701,0
7.9794,6.156,11.947,10.492,7.3956,0
8.0654,6.3685,11.95,10.489,7.4162,0
7.8755,5.6822,11.954,10.488,7.4388,0
7.9387,6.0268,11.956,10.489,7.4485,0
7.9509,6.0589,11.959,10.492,7.4482,0
7.8508,5.7493,11.963,10.495,7.4529,0
7.8307,5.8056,11.966,10.495,7.4503,0
7.7739,5.7131,11.968,10.496,7.4405,0
7.7868,5.8549,11.97,10.498,7.4278,0
7.8439,6.0675,11.972,10.498,7.4153,0
7.6891,5.5602,11.975,10.499,7.4105,0
7.8696,6.2655,11.975,10.497,7.3997,0
7.8811,6.1807,11.978,10.493,7.3941,0
7.8544,6.0355,11.981,10.493,7.402,0
7.7757,5.8033,11.983,10.491,7.407,0
7.9159,6.3206,11.985,10.487,7.4037,0
7.8562,6.0363,11.988,10.484,7.4059,0
7.9603,6.3767,11.99,10.482,7.4123,0
7.7282,5.5746,11.994,10.482,7.4207,0
7.7178,5.7667,11.995,10.479,7.4176,0
7.5893,5.4957,11.996,10.478,7.3998,0
7.8239,6.399,11.995,10.481,7.3765,0
7.7387,5.984,11.998,10.481,7.3667,0
7.5479,5.4477,11.999,10.479,7.3682,0
7.4818,5.4705,11.997,10.48,7.3507,0
7.6137,6.0405,11.995,10.481,7.3205,0
7.7575,6.4105,11.995,10.482,7.3023,0
7.5385,5.5753,11.996,10.48,7.3066,0
7.6629,6.1177,11.993,10.476,7.3039,0
7.5754,5.7898,11.993,10.473,7.2965,0
7.6194,5.9863,11.991,10.473,7.2927,0
7.622,5.9639,11.99,10.476,7.2872,0
7.6593,6.0748,11.988,10.472,7.286,0
7.5932,5.8414,11.987,10.467,7.2878,0
7.7178,6.2648,11.985,10.467,7.287,0
7.7245,6.1515,11.985,10.471,7.2908,0
7.7403,6.1368,11.984,10.471,7.3021,0
7.8079,6.2914,11.984,10.47,7.3124,0
7.9924,6.7409,11.985,10.471,7.3259,0
7.9594,6.3892,11.988,10.47,7.3534,0
7.8482,5.9719,11.99,10.471,7.3841,0
7.9071,6.2275,11.991,10.472,7.3978,0
7.5991,5.2778,11.994,10.473,7.4053,0
7.7265,5.9983,11.992,10.474,7.3935,0
7.8115,6.2652,11.994,10.477,7.3736,0
7.6294,5.6452,11.995,10.478,7.3724,0
7.8894,6.5936,11.995,10.48,7.3642,0
7.8193,6.1566,11.998,10.486,7.3644,0
7.7105,5.8058,11.999,10.49,7.3762,0
7.6598,5.7664,12,10.489,7.3732,0
7.7903,6.2687,12,10.489,7.3605,0
7.7928,6.1991,12.001,10.485,7.3566,0
7.7542,6.0575,12.003,10.481,7.362,0
7.797,6.2028,12.003,10.483,7.3637,0
7.796,6.1677,12.005,10.482,7.3655,0
7.8006,6.166,12.006,10.483,7.3696,0
7.8921,6.421,12.008,10.487,7.3729,0
7.8714,6.2614,12.01,10.485,7.3822,0
7.8479,6.1785,12.013,10.482,7.3936,0
7.7862,6.0091,12.015,10.483,7.3995,0
7.6477,5.6679,12.016,10.485,7.3982,0
7.7974,6.3146,12.016,10.486,7.3837,0
7.7984,6.2481,12.018,10.486,7.3742,0
7.909,6.5544,12.02,10.488,7.3764,0
7.7279,5.8767,12.023,10.488,7.3858,0
7.8515,6.385,12.024,10.491,7.3876,0
7.9196,6.5106,12.026,10.493,7.386,0
7.8201,6.1113,12.029,10.493,7.3973,0
7.9773,6.6529,12.031,10.493,7.4035,0
7.9469,6.4294,12.035,10.49,7.4128,0
7.984,6.5192,12.039,10.489,7.4278,0
7.9678,6.4136,12.043,10.492,7.4401,0
7.8866,6.1648,12.047,10.495,7.4507,0
7.8585,6.1804,12.05,10.495,7.4522,0
7.7975,6.0858,12.054,10.495,7.4462,0
7.8783,6.4391,12.056,10.499,7.4356,0
7.8047,6.1935,12.06,10.5,7.4292,0
7.9127,6.596,12.063,10.502,7.4242,0
7.6762,5.8009,12.067,10.505,7.4233,0
7.6365,5.9158,12.068,10.507,7.413,0
7.5611,5.8437,12.068,10.509,7.3873,0
7.7392,6.5507,12.068,10.509,7.3598,0
7.714,6.3684,12.07,10.508,7.3462,0
7.6317,6.1106,12.071,10.507,7.3453,0
7.5047,5.8115,12.071,10.508,7.3374,0
7.3658,5.5743,12.07,10.509,7.3172,0
7.5544,6.3795,12.067,10.511,7.2839,0
7.4962,6.1163,12.066,10.51,7.2626,0
7.4124,5.907,12.064,10.506,7.2542,0
7.4073,6.0001,12.06,10.504,7.2383,0
7.3016,5.7285,12.057,10.506,7.2203,0
7.4074,6.1759,12.052,10.51,7.1988,0
7.4035,6.1074,12.048,10.51,7.1829,0
7.5641,6.5728,12.044,10.508,7.1772,0
7.5798,6.4337,12.041,10.504,7.1837,0
7.5595,6.2547,12.038,10.505,7.2,0
7.3553,5.5903,12.035,10.508,7.2121,0
7.6271,6.6081,12.03,10.508,7.2059,0
7.4941,5.9941,12.028,10.507,7.207,0
7.5264,6.1465,12.024,10.506,7.216,0
7.59,6.3131,12.021,10.507,7.2166,0
7.4877,5.9145,12.018,10.509,7.2236,0
7.5404,6.1314,12.015,10.513,7.2259,0
7.524,6.0338,12.012,10.518,7.2248,0
7.4217,5.721,12.009,10.521,7.2262,0
7.3686,5.6772,12.004,10.518,7.2191,0
7.4602,6.0515,12,10.52,7.2035,0
7.4347,5.9081,11.996,10.523,7.1945,0
7.4222,5.8694,11.992,10.523,7.1916,0
7.3786,5.7341,11.987,10.525,7.1869,0
7.46,6.0179,11.982,10.525,7.1794,0
7.5095,6.0854,11.978,10.525,7.1766,0
7.7268,6.6337,11.974,10.526,7.183,0
7.7384,6.3713,11.973,10.524,7.2062,0
7.623,5.8692,11.971,10.521,7.2386,0
7.5797,5.7757,11.968,10.52,7.2563,0
7.7068,6.2094,11.965,10.521,7.2595,0
7.5558,5.6389,11.964,10.52,7.2681,0
7.5965,5.8767,11.961,10.518,7.2722,0
7.6824,6.1324,11.959,10.518,7.2687,0
7.7886,6.348,11.958,10.52,7.2745,0
7.6908,5.8717,11.958,10.524,7.2918,0
7.7662,6.1065,11.957,10.529,7.305,0
7.736,5.9339,11.957,10.528,7.3142,0
7.764,6.0192,11.957,10.524,7.324,0
7.7892,6.0536,11.957,10.525,7.3316,0
7.6794,5.6784,11.958,10.523,7.3409,0
7.9411,6.5687,11.957,10.52,7.342,0
7.841,6.0151,11.96,10.521,7.3541,0
7.9389,6.2992,11.961,10.523,7.3731,0
7.747,5.6042,11.964,10.523,7.3881,0
7.7033,5.6363,11.964,10.521,7.3925,0
8.0241,6.7193,11.964,10.521,7.3807,0
7.9683,6.2582,11.969,10.519,7.3911,0
7.6993,5.3826,11.972,10.519,7.4156,0
7.8288,6.0385,11.972,10.516,7.4122,0
7.8641,6.1159,11.974,10.517,7.4015,0
7.9061,6.196,11.977,10.519,7.404,0
7.8014,5.8189,11.98,10.518,7.411,0
7.7252,5.685,11.982,10.516,7.4119,0
7.7351,5.8567,11.983,10.51,7.4005,0
7.7611,5.9797,11.984,10.512,7.3877,0
7.7559,5.9525,11.985,10.516,7.3802,0
7.767,6.01,11.987,10.511,7.3758,0
7.762,5.999,11.988,10.506,7.3728,0
7.756,5.9808,11.989,10.507,7.3709,0
7.6878,5.7826,11.99,10.507,7.3687,0
7.7315,5.999,11.991,10.506,7.3619,0
7.6161,5.6537,11.991,10.502,7.3553,0
7.6145,5.7838,11.991,10.499,7.3451,0
7.675,6.0281,11.99,10.498,7.3297,0
7.7335,6.1691,11.99,10.497,7.322,0
7.9469,6.7295,11.99,10.496,7.324,0
7.8996,6.3098,11.993,10.496,7.3441,0
7.8661,6.1324,11.995,10.495,7.3698,0
7.9527,6.3902,11.997,10.493,7.3843,0
7.9098,6.1658,12,10.492,7.3992,0
7.8319,5.9447,12.002,10.49,7.4133,0
7.8079,5.9741,12.004,10.487,7.4159,0
7.8512,6.1805,12.006,10.487,7.4114,0
7.8078,6.0419,12.009,10.489,7.4093,0
7.7249,5.8337,12.011,10.494,7.4075,0
7.8616,6.3541,12.012,10.497,7.3976,0
7.7815,6.0239,12.015,10.497,7.3942,0
7.6723,5.7485,12.016,10.499,7.3947,0
7.7191,6.0331,12.017,10.5,7.3824,0
7.803,6.3106,12.018,10.498,7.3693,0
7.9611,6.7141,12.02,10.496,7.368,0
7.6689,5.6292,12.023,10.496,7.3833,0
7.7876,6.2162,12.023,10.496,7.3848,0
7.8054,6.246,12.025,10.494,7.3757,0
7.768,6.1113,12.027,10.495,7.3774,0
7.5681,5.5438,12.028,10.496,7.3773,0
7.7325,6.288,12.027,10.493,7.3609,0
7.7117,6.1634,12.028,10.491,7.3471,0
7.6951,6.1116,12.029,10.493,7.3454,0
7.5356,5.6388,12.029,10.498,7.3417,0
7.5496,5.8713,12.028,10.497,7.3267,0
7.6481,6.2477,12.027,10.495,7.306,0
7.5052,5.7427,12.026,10.497,7.2978,0
7.5835,6.1055,12.024,10.497,7.2878,0
7.4464,5.6724,12.023,10.494,7.2765,0
7.5425,6.1043,12.02,10.493,7.2633,0
7.5746,6.147,12.018,10.496,7.2511,0
7.4569,5.7369,12.016,10.496,7.2501,0
7.3894,5.6422,12.012,10.494,7.2431,0
7.4913,6.0714,12.008,10.491,7.2256,0
7.5432,6.1607,12.005,10.493,7.2149,0
7.5018,5.9492,12.002,10.493,7.2168,0
7.4049,5.6587,11.998,10.492,7.2187,0
7.4569,5.9146,11.994,10.491,7.2108,0
7.7477,6.7699,11.99,10.491,7.2021,0
7.5984,5.9786,11.989,10.493,7.219,0
7.5394,5.8082,11.986,10.493,7.2401,0
7.7643,6.543,11.983,10.49,7.2427,0
7.6791,6.0552,11.983,10.49,7.2566,0
7.8074,6.4192,11.981,10.493,7.2756,0
7.7299,6.0241,11.981,10.494,7.2937,0
7.8012,6.2543,11.98,10.492,7.3105,0
7.5942,5.5559,11.981,10.492,7.3233,0
7.7729,6.2701,11.978,10.497,7.3234,0
7.775,6.1529,11.979,10.501,7.3227,0
7.791,6.1601,11.98,10.499,7.3336,0
7.757,6.0062,11.98,10.501,7.3433,0
7.6953,5.8279,11.981,10.504,7.3494,0
7.7939,6.194,11.98,10.506,7.3476,0
7.6632,5.7227,11.982,10.507,7.3492,0
7.7383,6.0613,11.981,10.507,7.3476,0
7.8176,6.2719,11.982,10.505,7.3433,0
7.8941,6.4044,11.983,10.504,7.3502,0
7.9603,6.4624,11.985,10.506,7.3659,0
7.7421,5.6678,11.988,10.507,7.3875,0
7.7735,5.94,11.989,10.506,7.3931,0
7.8587,6.2464,11.99,10.504,7.3857,0
7.9543,6.4689,11.992,10.504,7.3879,0
7.9388,6.2936,11.996,10.503,7.4017,0
7.9348,6.2437,11.999,10.501,7.4173,0
7.9689,6.3251,12.002,10.503,7.428,0
7.7976,5.7615,12.006,10.505,7.4383,0
7.8158,5.9852,12.008,10.508,7.4366,0
7.857,6.1809,12.01,10.506,7.4256,0
7.6922,5.6946,12.013,10.502,7.4212,0
7.6348,5.7102,12.014,10.503,7.4089,0
7.7058,6.0705,12.015,10.506,7.3851,0
7.7439,6.1809,12.016,10.508,7.368,0
7.8801,6.5539,12.018,10.508,7.3621,0
7.7861,6.102,12.02,10.509,7.3694,0
7.6685,5.7836,12.022,10.506,7.3771,0
7.7229,6.0967,12.022,10.503,7.3689,0
7.8269,6.4159,12.023,10.503,7.3589,0
7.9153,6.5828,12.025,10.501,7.3619,0
7.698,5.7999,12.028,10.497,7.377,0
7.5148,5.4293,12.028,10.496,7.3791,0
7.6268,6.0463,12.026,10.497,7.3542,0
7.6154,6.0184,12.026,10.5,7.3311,0
7.6412,6.1224,12.026,10.502,7.3198,0
7.7469,6.4345,12.026,10.499,7.3121,0
7.8481,6.6178,12.027,10.498,7.3152,0
7.8071,6.3163,12.028,10.501,7.3313,0
7.6827,5.8935,12.029,10.505,7.3473,0
7.7827,6.3131,12.029,10.504,7.3483,0
7.7127,6.0661,12.03,10.498,7.3481,0
7.7307,6.1878,12.03,10.496,7.3495,0
7.7627,6.29,12.031,10.497,7.3474,0
7.6176,5.8271,12.032,10.497,7.3491,0
7.5299,5.7092,12.031,10.5,7.3423,0
7.4695,5.6842,12.03,10.505,7.3219,0
7.5389,6.0368,12.028,10.508,7.2963,0
7.5522,6.0789,12.026,10.506,7.2777,0
7.6302,6.3007,12.025,10.506,7.2687,0
7.4871,5.7716,12.024,10.507,7.2681,0
7.5897,6.1909,12.021,10.507,7.2626,0
7.6882,6.4121,12.019,10.509,7.2564,0
7.6021,6.0146,12.019,10.508,7.265,0
7.6738,6.2664,12.017,10.504,7.2719,0
7.7039,6.2907,12.016,10.501,7.2767,0
7.6709,6.1243,12.015,10.5,7.2871,0
7.6486,6.0552,12.014,10.502,7.2947,0
7.6472,6.0678,12.013,10.504,7.2968,0
7.6929,6.2174,12.012,10.504,7.297,0
7.4619,5.4806,12.011,10.503,7.3002,0
7.5695,6.0297,12.008,10.507,7.2895,0
7.4625,5.6911,12.007,10.508,7.2741,0
7.6549,6.3855,12.003,10.509,7.2617,0
7.4544,5.6122,12.003,10.511,7.2587,0
7.6394,6.3121,11.999,10.512,7.2547,0
7.5834,5.9955,11.998,10.512,7.2517,0
7.7276,6.4226,11.996,10.512,7.2573,0
7.6282,5.9474,11.995,10.513,7.268,0
7.5901,5.8677,11.993,10.51,7.2786,0
7.6423,6.0783,11.991,10.507,7.2777,0
7.7555,6.3812,11.99,10.507,7.2782,0
7.702,6.0724,11.99,10.508,7.2898,0
7.601,5.7583,11.989,10.508,7.3022,0
7.5148,5.6018,11.987,10.507,7.3013,0
7.6092,6.0196,11.985,10.509,7.2882,0
7.5593,5.8247,11.984,10.511,7.2792,0
7.6291,6.0696,11.981,10.512,7.2748,0
7.577,5.8532,11.98,10.51,7.2732,0
7.7309,6.3399,11.978,10.51,7.2727,0
7.6702,5.9824,11.978,10.512,7.2797,0
7.8466,6.4935,11.977,10.514,7.2906,0
7.8509,6.3002,11.978,10.511,7.3075,0
7.8467,6.1931,11.978,10.508,7.3319,0
7.873,6.2233,11.979,10.506,7.3507,0
7.8236,6.0192,11.981,10.506,7.3666,0
7.9264,6.3577,11.982,10.506,7.3772,0
7.8494,6.0269,11.985,10.505,7.3893,0
7.8524,6.0759,11.986,10.507,7.3998,0
7.955,6.3966,11.989,10.508,7.4031,0
7.7829,5.773,11.992,10.51,7.413,0
7.7141,5.7066,11.993,10.513,7.4152,0
7.8676,6.3114,11.994,10.514,7.4012,0
7.7908,5.984,11.997,10.514,7.3967,0
7.7993,6.0604,11.999,10.513,7.3976,0
7.7708,5.9855,12.001,10.514,7.3941,0
7.7293,5.9014,12.003,10.514,7.3899,0
7.6597,5.7653,12.004,10.512,7.382,0
7.7694,6.2031,12.004,10.513,7.3685,0
7.8839,6.4835,12.006,10.512,7.3612,0
7.66,6.15,12.008,10.507,7.3706,1
7.8969,6.15,12.01,10.507,7.3779,1
7.8581,6.15,12.013,10.507,7.3879,1
7.8608,6.15,12.015,10.506,7.3997,1
7.9994,6.15,12.017,10.505,7.4042,1
7.9227,6.15,12.021,10.503,7.4175,1
7.7912,6.15,12.024,10.501,7.4312,1
7.9149,6.15,12.026,10.5,7.4277,1
7.8117,6.15,12.03,10.504,7.4252,1
7.7966,6.15,12.032,10.505,7.424,1
7.7313,6.15,12.035,10.505,7.4155,1
7.6908,6.15,12.036,10.505,7.4035,1
7.7102,6.15,12.037,10.505,7.3872,1
7.8197,6.15,12.039,10.505,7.3735,1
7.7607,6.15,12.041,10.505,7.3719,1
7.8812,6.15,12.042,10.504,7.3734,1
7.7628,6.15,12.045,10.504,7.3792,1
7.618,6.15,12.047,10.504,7.3832,1
7.7954,6.15,12.046,10.504,7.3686,1
7.7119,6.15,12.049,10.503,7.3605,1
7.6722,6.15,12.049,10.503,7.3598,1
7.719,6.15,12.05,10.503,7.3511,1
7.6174,6.15,12.051,10.504,7.3452,1
7.5685,6.15,12.05,10.504,7.3366,1
7.7043,6.15,12.049,10.505,7.3201,1
7.5247,6.15,12.05,10.505,7.3137,1
7.4724,6.15,12.048,10.505,7.305,1
7.4949,6.15,12.046,10.505,7.2833,1
7.5216,6.15,12.044,10.505,7.2648,1
7.6387,6.15,12.042,10.506,7.2539,1
7.7502,6.15,12.041,10.506,7.2553,1
7.6431,6.15,12.041,10.507,7.2716,1
7.5828,6.15,12.04,10.507,7.2838,1
7.5678,6.15,12.038,10.508,7.2821,1
7.5763,6.15,12.036,10.508,7.276,1
7.28,6.15,12.034,10.509,7.2709,1
7.5563,6.15,12.029,10.51,7.247,1
7.3565,6.15,12.027,10.511,7.2289,1
7.4091,6.15,12.022,10.512,7.2187,1
7.3983,6.15,12.018,10.513,7.2019,1
7.4432,6.15,12.014,10.514,7.1915,1
7.4879,6.15,12.01,10.515,7.1859,1
7.532,6.15,12.006,10.516,7.1876,1
7.362,6.15,12.003,10.516,7.1948,1
7.3436,6.15,11.998,10.517,7.1914,1
7.2701,6.15,11.992,10.518,7.1766,1
7.3737,6.15,11.986,10.519,7.159,1
7.3174,6.15,11.981,10.52,7.148,1
7.458,6.15,11.974,10.521,7.1422,1
7.3273,6.15,11.97,10.523,7.1439,1
7.2533,6.15,11.963,10.524,7.1451,1
7.5177,6.15,11.956,10.526,7.1326,1
7.4326,6.15,11.952,10.527,7.1366,1
7.5115,6.15,11.946,10.528,7.1506,1
7.5405,6.15,11.942,10.529,7.1615,1
7.7991,6.15,11.938,10.53,7.1768,1
7.5343,6.15,11.936,10.532,7.2084,1
7.6019,6.15,11.932,10.533,7.2308,1
7.7797,6.15,11.929,10.535,7.2358,1
7.777,6.15,11.928,10.536,7.2563,1
7.6982,6.15,11.927,10.537,7.2832,1
7.618,6.15,11.925,10.539,7.2982,1
7.5478,6.15,11.923,10.54,7.2992,1
7.7561,6.15,11.92,10.541,7.29,1
7.8427,6.15,11.92,10.542,7.2929,1
7.9156,6.15,11.921,10.543,7.3143,1
7.8611,6.15,11.922,10.543,7.3414,1
7.8499,6.15,11.923,10.543,7.3631,1
7.9885,6.15,11.924,10.543,7.3755,1
7.7994,6.15,11.927,10.543,7.394,1
7.7992,6.15,11.928,10.543,7.4039,1
8.0435,6.15,11.929,10.542,7.3994,1
8.0102,6.15,11.934,10.542,7.4129,1
8.0198,6.15,11.937,10.542,7.4365,1
8.1371,6.15,11.941,10.542,7.4532,1
8.0408,6.15,11.947,10.541,7.4748,1
8.2238,6.15,11.951,10.54,7.4922,1
8.1206,6.15,11.958,10.54,7.5121,1
8.1915,6.15,11.964,10.539,7.532,1
8.1459,6.15,11.971,10.537,7.5455,1
8.3258,6.15,11.979,10.536,7.5573,1
8.1365,6.15,11.988,10.536,7.5759,1
8.0055,6.15,11.996,10.534,7.5886,1
7.8993,6.15,12.003,10.533,7.5772,1
7.9698,6.15,12.008,10.531,7.5527,1
7.9884,6.15,12.015,10.53,7.532,1
7.9156,6.15,12.021,10.528,7.5219,1
7.9929,6.15,12.026,10.526,7.5102,1
7.8683,6.15,12.032,10.524,7.502,1
7.7732,6.15,12.036,10.522,7.4919,1
7.8173,6.15,12.039,10.52,7.4697,1
7.7542,6.15,12.042,10.517,7.4496,1
7.7373,6.15,12.045,10.515,7.4326,1
7.6583,6.15,12.047,10.513,7.4143,1
7.767,6.15,12.048,10.511,7.3937,1
7.6955,6.15,12.051,10.51,7.3804,1
7.6927,6.15,12.052,10.509,7.3721,1
7.4731,6.15,12.053,10.508,7.361,1
7.4004,6.15,12.051,10.507,7.337,1
7.6262,6.15,12.048,10.506,7.2996,1
7.6192,6.15,12.048,10.506,7.2819,1
7.6029,6.15,12.047,10.505,7.2821,1
7.5726,6.15,12.046,10.505,7.2807,1
7.449,6.15,12.044,10.505,7.2765,1
7.593,6.15,12.041,10.506,7.2628,1
7.5053,6.15,12.04,10.506,7.2544,1
7.6426,6.15,12.037,10.506,7.251,1
7.6538,6.15,12.036,10.506,7.2523,1
7.5984,6.15,12.034,10.507,7.2628,1
7.7099,6.15,12.032,10.508,7.2678,1
7.6405,6.15,12.032,10.509,7.2758,1
7.5416,6.15,12.03,10.51,7.2843,1
7.5819,6.15,12.028,10.511,7.2795,1
7.5727,6.15,12.026,10.512,7.2723,1
7.7047,6.15,12.024,10.513,7.2687,1
7.786,6.15,12.024,10.514,7.2746,1
7.6955,6.15,12.024,10.515,7.2931,1
7.6453,6.15,12.023,10.516,7.3062,1
7.6162,6.15,12.022,10.517,7.3071,1
7.6675,6.15,12.021,10.518,7.3025,1
7.8249,6.15,12.021,10.518,7.3007,1
7.627,6.15,12.022,10.519,7.3135,1
7.7675,6.15,12.02,10.52,7.3196,1
7.7084,6.15,12.021,10.52,7.3215,1
7.8476,6.15,12.021,10.521,7.3277,1
7.7824,6.15,12.023,10.522,7.3385,1
7.8124,6.15,12.024,10.522,7.351,1
7.89,6.15,12.025,10.522,7.3586,1
7.7029,6.15,12.027,10.522,7.3718,1
7.6696,6.15,12.028,10.523,7.3738,1
7.6907,6.15,12.028,10.523,7.3612,1
7.7222,6.15,12.028,10.523,7.3508,1
7.7634,6.15,12.029,10.524,7.3464,1
7.6543,6.15,12.03,10.524,7.3478,1
7.6663,6.15,12.03,10.524,7.344,1
7.7601,6.15,12.03,10.524,7.3349,1
7.6459,6.15,12.032,10.524,7.3352,1
7.7012,6.15,12.031,10.523,7.3335,1
7.6766,6.15,12.032,10.523,7.3288,1
7.6463,6.15,12.032,10.523,7.3269,1
7.6963,6.15,12.031,10.523,7.3218,1
7.7415,6.15,12.031,10.523,7.3195,1
7.6901,6.15,12.032,10.523,7.324,1
7.7398,6.15,12.032,10.522,7.3267,1
7.7735,6.15,12.033,10.523,7.3291,1
7.5375,6.15,12.034,10.523,7.3363,1
7.6099,6.15,12.032,10.523,7.3277,1
7.6721,6.15,12.031,10.523,7.311,1
7.5747,6.15,12.031,10.523,7.3072,1
7.6402,6.15,12.03,10.523,7.3014,1
7.4603,6.15,12.029,10.523,7.2953,1
7.5166,6.15,12.026,10.524,7.2823,1
7.5557,6.15,12.024,10.524,7.2648,1
7.4444,6.15,12.022,10.524,7.2576,1
7.4876,6.15,12.019,10.524,7.2469,1
7.6973,6.15,12.016,10.524,7.2345,1
7.4878,6.15,12.016,10.524,7.2423,1
7.7065,6.15,12.012,10.524,7.2471,1
7.5627,6.15,12.012,10.525,7.2527,1
7.7682,6.15,12.009,10.525,7.2609,1
7.7774,6.15,12.009,10.525,7.2723,1
7.7089,6.15,12.009,10.526,7.2948,1
7.7852,6.15,12.008,10.527,7.3079,1
7.7598,6.15,12.009,10.527,7.3189,1
7.6909,6.15,12.009,10.528,7.3305,1
7.6809,6.15,12.008,10.529,7.333,1
7.5784,6.15,12.008,10.53,7.3298,1
7.6982,6.15,12.007,10.53,7.3196,1
7.6867,6.15,12.007,10.531,7.3136,1
7.8715,6.15,12.007,10.531,7.3157,1
7.7927,6.15,12.009,10.531,7.3295,1
7.7342,6.15,12.01,10.532,7.3464,1
7.6475,6.15,12.01,10.531,7.3503,1
7.7333,6.15,12.009,10.531,7.3436,1
7.7236,6.15,12.01,10.531,7.3388,1
7.8615,6.15,12.01,10.531,7.3399,1
7.7674,6.15,12.013,10.531,7.3498,1
7.6987,6.15,12.013,10.531,7.3596,1
7.6789,6.15,12.014,10.531,7.3564,1
7.6328,6.15,12.014,10.531,7.3481,1
7.6776,6.15,12.013,10.531,7.3373,1
7.8747,6.15,12.014,10.53,7.3292,1
7.7965,6.15,12.016,10.53,7.3395,1
7.6825,6.15,12.017,10.53,7.3546,1
7.7231,6.15,12.017,10.53,7.3532,1
7.7714,6.15,12.018,10.529,7.3478,1
7.7647,6.15,12.019,10.529,7.3495,1
7.7665,6.15,12.02,10.529,7.3535,1
7.7299,6.15,12.021,10.528,7.3562,1
7.7534,6.15,12.021,10.528,7.3559,1
7.8188,6.15,12.023,10.528,7.3549,1
7.6245,6.15,12.024,10.528,7.3602,1
7.7513,6.15,12.024,10.528,7.3549,1
7.7577,6.15,12.025,10.528,7.3474,1
7.5781,6.15,12.026,10.528,7.35,1
7.5346,6.15,12.025,10.527,7.34,1
7.523,6.15,12.023,10.527,7.3179,1
7.7624,6.15,12.022,10.527,7.2973,1
7.7225,6.15,12.023,10.527,7.2974,1
7.7056,6.15,12.023,10.526,7.3099,1
7.7023,6.15,12.023,10.526,7.3158,1
7.6105,6.15,12.023,10.526,7.319,1
7.5929,6.15,12.022,10.526,7.3149,1
7.7066,6.15,12.021,10.526,7.3047,1
7.5307,6.15,12.021,10.525,7.3036,1
7.4947,6.15,12.019,10.525,7.2978,1
7.3874,6.15,12.016,10.526,7.2796,1
7.4941,6.15,12.012,10.526,7.256,1
7.3754,6.15,12.01,10.527,7.2383,1
7.5193,6.15,12.006,10.527,7.2233,1
7.3563,6.15,12.003,10.527,7.2142,1
7.4775,6.15,11.998,10.527,7.2051,1
7.5225,6.15,11.995,10.527,7.1961,1
7.5664,6.15,11.992,10.527,7.2,1
7.4398,6.15,11.989,10.527,7.209,1
7.5927,6.15,11.984,10.527,7.2098,1
7.473,6.15,11.981,10.528,7.213,1
7.6126,6.15,11.977,10.529,7.2169,1
7.5572,6.15,11.975,10.53,7.222,1
7.6043,6.15,11.972,10.531,7.2309,1
7.6573,6.15,11.969,10.532,7.2376,1
7.6616,6.15,11.967,10.533,7.2493,1
7.6048,6.15,11.965,10.534,7.262,1
7.5941,6.15,11.963,10.535,7.2681,1
7.6203,6.15,11.961,10.535,7.2685,1
7.4642,6.15,11.959,10.536,7.2699,1
7.3482,6.15,11.955,10.537,7.2617,1
7.5617,6.15,11.95,10.537,7.2375,1
7.5534,6.15,11.948,10.538,7.2264,1
7.6276,6.15,11.945,10.538,7.2308,1
7.76,6.15,11.943,10.539,7.2388,1
7.776,6.15,11.942,10.539,7.2589,1
7.7058,6.15,11.942,10.539,7.2839,1
7.5988,6.15,11.94,10.539,7.2992,1
7.6498,6.15,11.938,10.539,7.2991,1
7.6897,6.15,11.936,10.539,7.2957,1
7.7277,6.15,11.935,10.539,7.2992,1
7.7043,6.15,11.935,10.54,7.307,1
7.7636,6.15,11.934,10.541,7.3138,1
7.8696,6.15,11.934,10.541,7.3217,1
7.8882,6.15,11.935,10.541,7.3388,1
7.882,6.15,11.937,10.541,7.3601,1
7.8237,6.15,11.938,10.541,7.3771,1
7.8231,6.15,11.939,10.541,7.3858,1
7.7289,6.15,11.94,10.54,7.3887,1
7.9825,6.15,11.941,10.54,7.3844,1
7.839,6.15,11.944,10.54,7.3927,1
7.8417,6.15,11.946,10.54,7.4052,1
7.9437,6.15,11.948,10.539,7.4059,1
7.9138,6.15,11.951,10.539,7.4137,1
8.0138,6.15,11.954,10.538,7.4241,1
7.6987,6.15,11.958,10.537,7.4371,1
8.0422,6.15,11.958,10.536,7.4316,1
7.9725,6.15,11.963,10.535,7.4312,1
8.0302,6.15,11.967,10.535,7.4479,1
8.0876,6.15,11.971,10.534,7.4603,1
7.8185,6.15,11.976,10.533,7.4775,1
7.8878,6.15,11.979,10.532,7.4757,1
7.9086,6.15,11.982,10.531,7.462,1
7.7474,6.15,11.986,10.53,7.4573,1
7.8783,6.15,11.988,10.529,7.4438,1
7.7484,6.15,11.991,10.528,7.4323,1
7.8961,6.15,11.993,10.527,7.4228,1
7.7329,6.15,11.996,10.526,7.4174,1
7.8661,6.15,11.998,10.525,7.4114,1
7.8245,6.15,12.001,10.523,7.4056,1
7.814,6.15,12.003,10.522,7.4067,1
7.8021,6.15,12.005,10.521,7.4042,1
7.769,6.15,12.007,10.52,7.4008,1
7.7555,6.15,12.008,10.519,7.3951,1
7.839,6.15,12.01,10.518,7.3877,1
7.8852,6.15,12.012,10.518,7.387,1
7.7201,6.15,12.015,10.517,7.3949,1
7.7848,6.15,12.015,10.517,7.3925,1
7.7457,6.15,12.017,10.516,7.3846,1
7.6937,6.15,12.018,10.516,7.38,1
7.825,6.15,12.019,10.515,7.3703,1
7.7448,6.15,12.021,10.515,7.3687,1
7.699,6.15,12.022,10.515,7.3702,1
7.5887,6.15,12.022,10.515,7.3631,1
7.6331,6.15,12.022,10.514,7.3471,1
7.5908,6.15,12.021,10.514,7.3308,1
7.5647,6.15,12.021,10.514,7.3182,1
7.8087,6.15,12.019,10.514,7.304,1
7.7558,6.15,12.021,10.513,7.3084,1
7.8186,6.15,12.021,10.514,7.3236,1
7.7678,6.15,12.022,10.514,7.3363,1
7.7161,6.15,12.023,10.514,7.3465,1
7.8256,6.15,12.023,10.513,7.3475,1
7.7642,6.15,12.024,10.514,7.3527,1
7.6346,6.15,12.025,10.514,7.3593,1
7.8304,6.15,12.024,10.514,7.3515,1
7.8175,6.15,12.027,10.515,7.3508,1
7.785,6.15,12.028,10.516,7.3619,1
7.7961,6.15,12.029,10.516,7.3673,1
7.8114,6.15,12.031,10.516,7.3702,1
7.7487,6.15,12.032,10.516,7.3741,1
7.8681,6.15,12.033,10.516,7.3738,1
7.686,6.15,12.036,10.517,7.3779,1
7.7421,6.15,12.036,10.516,7.3759,1
7.8338,6.15,12.037,10.517,7.3668,1
7.7761,6.15,12.04,10.517,7.3696,1
7.6048,6.15,12.041,10.517,7.3737,1
7.7208,6.15,12.04,10.517,7.3612,1
7.7251,6.15,12.042,10.517,7.3488,1
7.7008,6.15,12.043,10.516,7.347,1
7.7242,6.15,12.043,10.516,7.3441,1
7.6319,6.15,12.044,10.516,7.342,1
7.8453,6.15,12.043,10.516,7.3354,1
7.7103,6.15,12.046,10.516,7.3394,1
7.6066,6.15,12.046,10.516,7.3466,1
7.6084,6.15,12.045,10.516,7.3363,1
7.7907,6.15,12.045,10.516,7.322,1
7.7027,6.15,12.046,10.516,7.3237,1
7.7038,6.15,12.046,10.516,7.3306,1
7.5117,6.15,12.047,10.516,7.3303,1
7.6621,6.15,12.045,10.517,7.3168,1
7.6006,6.15,12.045,10.517,7.3047,1
7.5893,6.15,12.044,10.517,7.3006,1
7.6237,6.15,12.042,10.517,7.2928,1
7.7666,6.15,12.042,10.517,7.2885,1
7.6031,6.15,12.042,10.518,7.2973,1
7.6724,6.15,12.041,10.518,7.3018,1
7.6156,6.15,12.041,10.518,7.2997,1
7.6411,6.15,12.039,10.518,7.2985,1
7.6535,6.15,12.039,10.519,7.2957,1
7.7635,6.15,12.038,10.519,7.2961,1
7.5764,6.15,12.039,10.52,7.3048,1
7.6206,6.15,12.037,10.52,7.3055,1
7.6234,6.15,12.036,10.521,7.2972,1
7.7472,6.15,12.035,10.521,7.2939,1
7.6973,6.15,12.036,10.522,7.3001,1
7.7097,6.15,12.035,10.522,7.3092,1
7.7319,6.15,12.035,10.523,7.314,1
7.6358,6.15,12.036,10.523,7.3199,1
7.6065,6.15,12.035,10.524,7.3192,1
7.4469,6.15,12.034,10.524,7.3106,1
7.6614,6.15,12.031,10.524,7.291,1
7.6943,6.15,12.031,10.524,7.2806,1
7.6326,6.15,12.031,10.525,7.2886,1
7.5899,6.15,12.03,10.525,7.2926,1
7.613,6.15,12.028,10.525,7.2887,1
7.735,6.15,12.027,10.526,7.2847,1
7.6649,6.15,12.027,10.526,7.2915,1
7.6457,6.15,12.026,10.526,7.2996,1
7.5658,6.15,12.026,10.526,7.3,1
7.7541,6.15,12.024,10.526,7.2936,1
7.4959,6.15,12.024,10.527,7.2967,1
7.7225,6.15,12.022,10.527,7.2931,1
7.6069,6.15,12.022,10.527,7.2896,1
7.7725,6.15,12.021,10.528,7.2933,1
7.6169,6.15,12.021,10.528,7.3004,1
7.7914,6.15,12.02,10.529,7.3055,1
7.65,6.15,12.021,10.529,7.3116,1
7.6717,6.15,12.02,10.529,7.3177,1
7.6536,6.15,12.019,10.529,7.3148,1
7.6545,6.15,12.019,10.529,7.3127,1
7.6704,6.15,12.018,10.53,7.31,1
7.5173,6.15,12.018,10.53,7.3091,1
7.6014,6.15,12.016,10.53,7.2988,1
7.4941,6.15,12.015,10.53,7.287,1
7.4471,6.15,12.012,10.531,7.2758,1
7.5238,6.15,12.009,10.531,7.2571,1
7.5423,6.15,12.007,10.531,7.2451,1
7.5089,6.15,12.005,10.531,7.242,1
7.468,6.15,12.002,10.531,7.2385,1
7.5531,6.15,11.998,10.531,7.2308,1
7.5375,6.15,11.996,10.531,7.2282,1
7.6306,6.15,11.993,10.531,7.2306,1
7.7765,6.15,11.991,10.531,7.2378,1
7.654,6.15,11.991,10.531,7.2595,1
7.6912,6.15,11.989,10.532,7.2769,1
7.6994,6.15,11.988,10.532,7.2851,1
7.6475,6.15,11.987,10.533,7.2943,1
7.5277,6.15,11.986,10.534,7.2983,1
7.5281,6.15,11.983,10.534,7.2897,1
7.589,6.15,11.981,10.535,7.2756,1
7.3541,6.15,11.979,10.536,7.2689,1
7.5573,6.15,11.974,10.536,7.2514,1
7.4753,6.15,11.973,10.537,7.2371,1
7.6011,6.15,11.969,10.537,7.2333,1
7.5443,6.15,11.967,10.537,7.234,1
7.5221,6.15,11.964,10.537,7.2385,1
7.374,6.15,11.961,10.537,7.2368,1
7.5145,6.15,11.956,10.536,7.2239,1
7.4998,6.15,11.953,10.537,7.2142,1
7.6098,6.15,11.949,10.537,7.2147,1
7.7458,6.15,11.947,10.537,7.2218,1
7.7348,6.15,11.946,10.538,7.2437,1
7.7238,6.15,11.944,10.538,7.2684,1
7.7606,6.15,11.943,10.539,7.286,1
7.669,6.15,11.942,10.539,7.3013,1
7.7015,6.15,11.941,10.539,7.3091,1
7.5238,6.15,11.94,10.54,7.3115,1
7.8167,6.15,11.937,10.541,7.303,1
7.7821,6.15,11.938,10.541,7.3056,1
7.845,6.15,11.938,10.542,7.3238,1
7.6273,6.15,11.939,10.542,7.3399,1
7.7765,6.15,11.937,10.542,7.3412,1
7.78,6.15,11.938,10.542,7.3387,1
7.6776,6.15,11.938,10.542,7.3466,1
7.9026,6.15,11.938,10.541,7.3457,1
7.7175,6.15,11.94,10.541,7.3541,1
7.8837,6.15,11.94,10.541,7.3621,1
7.6765,6.15,11.942,10.541,7.3679,1
7.7441,6.15,11.941,10.54,7.3686,1
7.8005,6.15,11.942,10.539,7.3607,1
7.8859,6.15,11.943,10.539,7.3628,1
7.8747,6.15,11.945,10.538,7.3739,1
7.8567,6.15,11.947,10.538,7.3871,1
8.0963,6.15,11.948,10.537,7.3953,1
8.0873,6.15,11.953,10.537,7.4171,1
8.0594,6.15,11.958,10.536,7.4485,1
8.0115,6.15,11.962,10.535,7.4701,1
8.0298,6.15,11.966,10.535,7.4816,1
7.9272,6.15,11.971,10.534,7.4887,1
7.9683,6.15,11.974,10.534,7.4881,1
7.956,6.15,11.979,10.533,7.484,1
7.9802,6.15,11.983,10.532,7.4827,1
7.8584,6.15,11.988,10.532,7.4825,1
7.9111,6.15,11.991,10.531,7.4755,1
7.9119,6.15,11.995,10.529,7.466,1
7.8566,6.15,11.999,10.528,7.4621,1
7.6728,6.15,12.002,10.527,7.4553,1
7.721,6.15,12.003,10.525,7.4338,1
7.8479,6.15,12.005,10.523,7.4089,1
7.7944,6.15,12.008,10.522,7.4017,1
7.6764,6.15,12.01,10.521,7.4005,1
7.5976,6.15,12.011,10.52,7.388,1
7.6874,6.15,12.01,10.518,7.3654,1
7.8556,6.15,12.011,10.518,7.3492,1
7.8557,6.15,12.014,10.517,7.3542,1
7.8383,6.15,12.016,10.515,7.3687,1
7.8011,6.15,12.017,10.515,7.3787,1
7.5966,6.15,12.019,10.515,7.3827,1
7.8266,6.15,12.018,10.514,7.3692,1
7.8877,6.15,12.02,10.514,7.3617,1
7.7633,6.15,12.023,10.514,7.3749,1
8.0256,6.15,12.024,10.514,7.3803,1
7.7556,6.15,12.028,10.514,7.3947,1
7.7795,6.15,12.029,10.514,7.4037,1
7.803,6.15,12.03,10.514,7.3951,1
7.7769,6.15,12.032,10.514,7.3917,1
7.782,6.15,12.034,10.514,7.3887,1
7.6182,6.15,12.036,10.514,7.3851,1
7.7253,6.15,12.035,10.514,7.3713,1
7.7435,6.15,12.037,10.514,7.3577,1
7.6261,6.15,12.038,10.514,7.3554,1
7.6704,6.15,12.037,10.514,7.3466,1
7.7368,6.15,12.038,10.513,7.3354,1
7.6826,6.15,12.039,10.513,7.3342,1
7.8627,6.15,12.039,10.513,7.3338,1
7.8698,6.15,12.041,10.513,7.3425,1
7.8684,6.15,12.043,10.512,7.3612,1
7.7218,6.15,12.045,10.512,7.3759,1
7.7057,6.15,12.045,10.513,7.3769,1
7.6207,6.15,12.046,10.513,7.3673,1
7.804,6.15,12.046,10.513,7.3529,1
7.8732,6.15,12.048,10.513,7.3492,1
7.7155,6.15,12.05,10.514,7.3628,1
7.6411,6.15,12.051,10.514,7.3667,1
7.6491,6.15,12.051,10.515,7.3546,1
7.5838,6.15,12.051,10.515,7.341,1
7.628,6.15,12.05,10.515,7.3266,1
7.7323,6.15,12.05,10.514,7.3144,1
7.6258,6.15,12.051,10.514,7.3151,1
7.577,6.15,12.05,10.514,7.3149,1
7.5127,6.15,12.049,10.515,7.3045,1
7.6064,6.15,12.047,10.515,7.289,1
7.5685,6.15,12.046,10.515,7.2795,1
7.6075,6.15,12.044,10.515,7.2755,1
7.4439,6.15,12.043,10.515,7.2728,1
7.4605,6.15,12.04,10.515,7.2618,1
7.5975,6.15,12.037,10.516,7.244,1
7.5651,6.15,12.036,10.516,7.241,1
7.5775,6.15,12.033,10.517,7.2451,1
7.6815,6.15,12.031,10.517,7.2471,1
7.5396,6.15,12.03,10.518,7.2566,1
7.5643,6.15,12.028,10.519,7.2607,1
7.5402,6.15,12.025,10.519,7.2565,1
7.5569,6.15,12.023,10.52,7.2532,1
7.5734,6.15,12.021,10.521,7.2503,1
7.5796,6.15,12.018,10.522,7.2503,1
7.5022,6.15,12.016,10.523,7.2517,1
7.6219,6.15,12.013,10.524,7.2479,1
7.6559,6.15,12.012,10.524,7.2483,1
7.656,6.15,12.01,10.525,7.2586,1
7.7716,6.15,12.009,10.526,7.2687,1
7.6677,6.15,12.009,10.526,7.2845,1
7.6114,6.15,12.008,10.527,7.2967,1
7.6595,6.15,12.006,10.528,7.2956,1
7.665,6.15,12.005,10.528,7.2946,1
7.7145,6.15,12.005,10.529,7.2972,1
7.639,6.15,12.004,10.53,7.303,1
7.7133,6.15,12.003,10.53,7.3053,1
7.6107,6.15,12.003,10.531,7.3075,1
7.7063,6.15,12.002,10.531,7.3068,1
7.6185,6.15,12.002,10.532,7.3063,1
7.4454,6.15,12.001,10.532,7.306,1
7.5799,6.15,11.997,10.532,7.2881,1
